<?xml version="1.0" encoding="utf-8" ?>
<dwsync>
<file name="alterar_produto.php" local="128736961327656250" remote="128736958880000000" testing="0" />
<file name="cad_produto.php" local="128736952769062500" remote="128736950290000000" testing="0" />
<file name="checa_produto.php" local="128736953311562500" remote="128736950290000000" testing="0" />
<file name="deleta_produto.php" local="128736964226875000" remote="128736963180000000" testing="0" />
<file name="grava_variaveis_bd.php" local="128736675793281250" remote="128736675420000000" testing="0" />
<file name="insere_altera_produto.php" local="128736963353125000" remote="128736963180000000" testing="0" />
<file name="insere_cad_produto.php" local="128736921048750000" remote="128736920230000000" testing="0" />
<file name="nao_selecionado.php" local="128736671189843750" remote="128736671120000000" testing="0" />
<file name="paginacao.php" local="128736687369375000" remote="128736684010000000" testing="0" />
</dwsync>